"id","product_id","image_url","sort_order"
"5","4","/images/products/natural_main.jpg","1"
"6","4","/images/products/natural_sub1.jpg","2"
"7","4","/images/products/natural_sub2.jpg","3"
"8","5","/images/products/onsen_main.jpg","1"
"9","5","/images/products/onsen_sub1.webp","2"
"10","5","/images/products/onsen_sub2.webp","3"
"11","6","/images/products/natural_main.jpg","1"
"12","6","/images/products/natural_sub1.jpg","2"
"13","6","/images/products/natural_sub2.jpg","3"
"14","7","/images/products/cider_main.png","1"
"15","7","/images/products/cider_sub1.webp","2"
"16","7","/images/products/cider_sub2.jpg","3"
"17","8","/images/products/onsen_main.jpg","1"
"18","8","/images/products/onsen_sub1.webp","2"
"19","8","/images/products/onsen_sub2.webp","3"
"20","9","/images/products/natural_main.jpg","1"
"21","9","/images/products/natural_sub1.jpg","2"
"22","9","/images/products/natural_sub2.jpg","3"
"23","10","/images/products/natural_main.jpg","1"
"24","10","/images/products/natural_sub1.jpg","2"
"25","10","/images/products/natural_sub2.jpg","3"
"26","11","/images/products/natural_main.jpg","1"
"27","11","/images/products/natural_sub1.jpg","2"
"28","11","/images/products/natural_sub2.jpg","3"
"29","12","/images/products/alkaline_main.jpg","1"
"30","12","/images/products/alkaline_sub1.jpg","2"
"31","12","/images/products/alkaline_sub2.jpg","3"
"32","13","/images/products/natural_main.jpg","1"
"33","13","/images/products/natural_sub1.jpg","2"
"34","13","/images/products/natural_sub2.jpg","3"
"35","14","/images/products/natural_main.jpg","1"
"36","14","/images/products/natural_sub1.jpg","2"
"37","14","/images/products/natural_sub2.jpg","3"
"38","15","/images/products/cider_main.png","1"
"39","15","/images/products/cider_sub1.webp","2"
"40","15","/images/products/cider_sub2.jpg","3"
"41","16","/images/products/natural_main.jpg","1"
"42","16","/images/products/natural_sub1.jpg","2"
"43","16","/images/products/natural_sub2.jpg","3"
"44","17","/images/products/deepsea_main.jpg","1"
"45","17","/images/products/deepsea_sub1.jpg","2"
"46","17","/images/products/deepsea_sub2.jpg","3"
"47","18","/images/products/natural_main.jpg","1"
"48","18","/images/products/natural_sub1.jpg","2"
"49","18","/images/products/natural_sub2.jpg","3"
"50","19","/images/products/natural_main.jpg","1"
"51","19","/images/products/natural_sub1.jpg","2"
"52","19","/images/products/natural_sub2.jpg","3"
"53","20","/images/products/cider_main.png","1"
"54","20","/images/products/cider_sub1.webp","2"
"55","20","/images/products/cider_sub2.jpg","3"
"56","21","/images/products/natural_main.jpg","1"
"57","21","/images/products/natural_sub1.jpg","2"
"58","21","/images/products/natural_sub2.jpg","3"
"59","22","/images/products/natural_main.jpg","1"
"60","22","/images/products/natural_sub1.jpg","2"
"61","22","/images/products/natural_sub2.jpg","3"
"62","23","/images/products/natural_main.jpg","1"
"63","23","/images/products/natural_sub1.jpg","2"
"64","23","/images/products/natural_sub2.jpg","3"
"65","24","/images/products/natural_main.jpg","1"
"66","24","/images/products/natural_sub1.jpg","2"
"67","24","/images/products/natural_sub2.jpg","3"
"68","25","/images/products/onsen_main.jpg","1"
"69","25","/images/products/onsen_sub1.webp","2"
"70","25","/images/products/onsen_sub2.webp","3"
"71","26","/images/products/natural_main.jpg","1"
"72","26","/images/products/natural_sub1.jpg","2"
"73","26","/images/products/natural_sub2.jpg","3"
"74","27","/images/products/alkaline_main.jpg","1"
"75","27","/images/products/alkaline_sub1.jpg","2"
"76","27","/images/products/alkaline_sub2.jpg","3"
"77","28","/images/products/natural_main.jpg","1"
"78","28","/images/products/natural_sub1.jpg","2"
"79","28","/images/products/natural_sub2.jpg","3"
"80","29","/images/products/alkaline_main.jpg","1"
"81","29","/images/products/alkaline_sub1.jpg","2"
"82","29","/images/products/alkaline_sub2.jpg","3"
"83","30","/images/products/alkaline_main.jpg","1"
"84","30","/images/products/alkaline_sub1.jpg","2"
"85","30","/images/products/alkaline_sub2.jpg","3"
"86","31","/images/products/natural_main.jpg","1"
"87","31","/images/products/natural_sub1.jpg","2"
"88","31","/images/products/natural_sub2.jpg","3"
"89","32","/images/products/onsen_main.jpg","1"
"90","32","/images/products/onsen_sub1.webp","2"
"91","32","/images/products/onsen_sub2.webp","3"
"92","33","/images/products/natural_main.jpg","1"
"93","33","/images/products/natural_sub1.jpg","2"
"94","33","/images/products/natural_sub2.jpg","3"
"95","34","/images/products/natural_main.jpg","1"
"96","34","/images/products/natural_sub1.jpg","2"
"97","34","/images/products/natural_sub2.jpg","3"
"98","35","/images/products/natural_main.jpg","1"
"99","35","/images/products/natural_sub1.jpg","2"
"100","35","/images/products/natural_sub2.jpg","3"
"101","36","/images/products/natural_main.jpg","1"
"102","36","/images/products/natural_sub1.jpg","2"
"103","36","/images/products/natural_sub2.jpg","3"
"104","37","/images/products/natural_main.jpg","1"
"105","37","/images/products/natural_sub1.jpg","2"
"106","37","/images/products/natural_sub2.jpg","3"
"107","38","/images/products/deepsea_main.jpg","1"
"108","38","/images/products/deepsea_sub1.jpg","2"
"109","38","/images/products/deepsea_sub2.jpg","3"
"110","39","/images/products/natural_main.jpg","1"
"111","39","/images/products/natural_sub1.jpg","2"
"112","39","/images/products/natural_sub2.jpg","3"
"113","40","/images/products/alkaline_main.jpg","1"
"114","40","/images/products/alkaline_sub1.jpg","2"
"115","40","/images/products/alkaline_sub2.jpg","3"
"116","41","/images/products/natural_main.jpg","1"
"117","41","/images/products/natural_sub1.jpg","2"
"118","41","/images/products/natural_sub2.jpg","3"
"119","42","/images/products/natural_main.jpg","1"
"120","42","/images/products/natural_sub1.jpg","2"
"121","42","/images/products/natural_sub2.jpg","3"
"122","43","/images/products/natural_main.jpg","1"
"123","43","/images/products/natural_sub1.jpg","2"
"124","43","/images/products/natural_sub2.jpg","3"
"125","44","/images/products/onsen_main.jpg","1"
"126","44","/images/products/onsen_sub1.webp","2"
"127","44","/images/products/onsen_sub2.webp","3"
"128","45","/images/products/natural_main.jpg","1"
"129","45","/images/products/natural_sub1.jpg","2"
"130","45","/images/products/natural_sub2.jpg","3"
"131","46","/images/products/alkaline_main.jpg","1"
"132","46","/images/products/alkaline_sub1.jpg","2"
"133","46","/images/products/alkaline_sub2.jpg","3"
"134","47","/images/products/natural_main.jpg","1"
"135","47","/images/products/natural_sub1.jpg","2"
"136","47","/images/products/natural_sub2.jpg","3"
"137","48","/images/products/natural_main.jpg","1"
"138","48","/images/products/natural_sub1.jpg","2"
"139","48","/images/products/natural_sub2.jpg","3"
"140","49","/images/products/natural_main.jpg","1"
"141","49","/images/products/natural_sub1.jpg","2"
"142","49","/images/products/natural_sub2.jpg","3"
"143","50","/images/products/natural_main.jpg","1"
"144","50","/images/products/natural_sub1.jpg","2"
"145","50","/images/products/natural_sub2.jpg","3"
"146","51","/images/products/alkaline_main.jpg","1"
"147","51","/images/products/alkaline_sub1.jpg","2"
"148","51","/images/products/alkaline_sub2.jpg","3"
"149","52","/images/products/cider_main.png","1"
"150","52","/images/products/cider_sub1.webp","2"
"151","52","/images/products/cider_sub2.jpg","3"
"152","53","/images/products/natural_main.jpg","1"
"153","53","/images/products/natural_sub1.jpg","2"
"154","53","/images/products/natural_sub2.jpg","3"
"155","54","/images/products/natural_main.jpg","1"
"156","54","/images/products/natural_sub1.jpg","2"
"157","54","/images/products/natural_sub2.jpg","3"
"158","55","/images/products/natural_main.jpg","1"
"159","55","/images/products/natural_sub1.jpg","2"
"160","55","/images/products/natural_sub2.jpg","3"
"161","56","/images/products/natural_main.jpg","1"
"162","56","/images/products/natural_sub1.jpg","2"
"163","56","/images/products/natural_sub2.jpg","3"
"164","57","/images/products/natural_main.jpg","1"
"165","57","/images/products/natural_sub1.jpg","2"
"166","57","/images/products/natural_sub2.jpg","3"
"167","58","/images/products/natural_main.jpg","1"
"168","58","/images/products/natural_sub1.jpg","2"
"169","58","/images/products/natural_sub2.jpg","3"
"170","59","/images/products/natural_main.jpg","1"
"171","59","/images/products/natural_sub1.jpg","2"
"172","59","/images/products/natural_sub2.jpg","3"
"173","60","/images/products/natural_main.jpg","1"
"174","60","/images/products/natural_sub1.jpg","2"
"175","60","/images/products/natural_sub2.jpg","3"
"176","61","/images/products/natural_main.jpg","1"
"177","61","/images/products/natural_sub1.jpg","2"
"178","61","/images/products/natural_sub2.jpg","3"
"179","62","/images/products/natural_main.jpg","1"
"180","62","/images/products/natural_sub1.jpg","2"
"181","62","/images/products/natural_sub2.jpg","3"
"182","63","/images/products/natural_main.jpg","1"
"183","63","/images/products/natural_sub1.jpg","2"
"184","63","/images/products/natural_sub2.jpg","3"
"185","64","/images/products/alkaline_main.jpg","1"
"186","64","/images/products/alkaline_sub1.jpg","2"
"187","64","/images/products/alkaline_sub2.jpg","3"
"188","65","/images/products/natural_main.jpg","1"
"189","65","/images/products/natural_sub1.jpg","2"
"190","65","/images/products/natural_sub2.jpg","3"
"191","66","/images/products/natural_main.jpg","1"
"192","66","/images/products/natural_sub1.jpg","2"
"193","66","/images/products/natural_sub2.jpg","3"
"194","67","/images/products/natural_main.jpg","1"
"195","67","/images/products/natural_sub1.jpg","2"
"196","67","/images/products/natural_sub2.jpg","3"
"197","68","/images/products/natural_main.jpg","1"
"198","68","/images/products/natural_sub1.jpg","2"
"199","68","/images/products/natural_sub2.jpg","3"
"200","69","/images/products/natural_main.jpg","1"
"201","69","/images/products/natural_sub1.jpg","2"
"202","69","/images/products/natural_sub2.jpg","3"
"203","70","/images/products/natural_main.jpg","1"
"204","70","/images/products/natural_sub1.jpg","2"
"205","70","/images/products/natural_sub2.jpg","3"
"206","71","/images/products/natural_main.jpg","1"
"207","71","/images/products/natural_sub1.jpg","2"
"208","71","/images/products/natural_sub2.jpg","3"
"209","72","/images/products/natural_main.jpg","1"
"210","72","/images/products/natural_sub1.jpg","2"
"211","72","/images/products/natural_sub2.jpg","3"
"212","73","/images/products/natural_main.jpg","1"
"213","73","/images/products/natural_sub1.jpg","2"
"214","73","/images/products/natural_sub2.jpg","3"
"215","74","/images/products/natural_main.jpg","1"
"216","74","/images/products/natural_sub1.jpg","2"
"217","74","/images/products/natural_sub2.jpg","3"
"218","75","/images/products/onsen_main.jpg","1"
"219","75","/images/products/onsen_sub1.webp","2"
"220","75","/images/products/onsen_sub2.webp","3"
"221","76","/images/products/natural_main.jpg","1"
"222","76","/images/products/natural_sub1.jpg","2"
"223","76","/images/products/natural_sub2.jpg","3"
"224","77","/images/products/natural_main.jpg","1"
"225","77","/images/products/natural_sub1.jpg","2"
"226","77","/images/products/natural_sub2.jpg","3"
"227","78","/images/products/natural_main.jpg","1"
"228","78","/images/products/natural_sub1.jpg","2"
"229","78","/images/products/natural_sub2.jpg","3"
"230","79","/images/products/natural_main.jpg","1"
"231","79","/images/products/natural_sub1.jpg","2"
"232","79","/images/products/natural_sub2.jpg","3"
"233","80","/images/products/cider_main.png","1"
"234","80","/images/products/cider_sub1.webp","2"
"235","80","/images/products/cider_sub2.jpg","3"
"236","81","/images/products/natural_main.jpg","1"
"237","81","/images/products/natural_sub1.jpg","2"
"238","81","/images/products/natural_sub2.jpg","3"
"239","82","/images/products/natural_main.jpg","1"
"240","82","/images/products/natural_sub1.jpg","2"
"241","82","/images/products/natural_sub2.jpg","3"
"242","83","/images/products/natural_main.jpg","1"
"243","83","/images/products/natural_sub1.jpg","2"
"244","83","/images/products/natural_sub2.jpg","3"
"245","84","/images/products/natural_main.jpg","1"
"246","84","/images/products/natural_sub1.jpg","2"
"247","84","/images/products/natural_sub2.jpg","3"
"248","85","/images/products/natural_main.jpg","1"
"249","85","/images/products/natural_sub1.jpg","2"
"250","85","/images/products/natural_sub2.jpg","3"
"251","86","/images/products/deepsea_main.jpg","1"
"252","86","/images/products/deepsea_sub1.jpg","2"
"253","86","/images/products/deepsea_sub2.jpg","3"
"254","87","/images/products/natural_main.jpg","1"
"255","87","/images/products/natural_sub1.jpg","2"
"256","87","/images/products/natural_sub2.jpg","3"
"257","88","/images/products/natural_main.jpg","1"
"258","88","/images/products/natural_sub1.jpg","2"
"259","88","/images/products/natural_sub2.jpg","3"
"260","89","/images/products/natural_main.jpg","1"
"261","89","/images/products/natural_sub1.jpg","2"
"262","89","/images/products/natural_sub2.jpg","3"
"263","90","/images/products/natural_main.jpg","1"
"264","90","/images/products/natural_sub1.jpg","2"
"265","90","/images/products/natural_sub2.jpg","3"
"266","91","/images/products/deepsea_main.jpg","1"
"267","91","/images/products/deepsea_sub1.jpg","2"
"268","91","/images/products/deepsea_sub2.jpg","3"
"269","92","/images/products/natural_main.jpg","1"
"270","92","/images/products/natural_sub1.jpg","2"
"271","92","/images/products/natural_sub2.jpg","3"
"272","93","/images/products/natural_main.jpg","1"
"273","93","/images/products/natural_sub1.jpg","2"
"274","93","/images/products/natural_sub2.jpg","3"
"275","94","/images/products/natural_main.jpg","1"
"276","94","/images/products/natural_sub1.jpg","2"
"277","94","/images/products/natural_sub2.jpg","3"
"278","95","/images/products/natural_main.jpg","1"
"279","95","/images/products/natural_sub1.jpg","2"
"280","95","/images/products/natural_sub2.jpg","3"
"281","96","/images/products/onsen_main.jpg","1"
"282","96","/images/products/onsen_sub1.webp","2"
"283","96","/images/products/onsen_sub2.webp","3"
"284","97","/images/products/natural_main.jpg","1"
"285","97","/images/products/natural_sub1.jpg","2"
"286","97","/images/products/natural_sub2.jpg","3"
"287","98","/images/products/alkaline_main.jpg","1"
"288","98","/images/products/alkaline_sub1.jpg","2"
"289","98","/images/products/alkaline_sub2.jpg","3"
"290","99","/images/products/natural_main.jpg","1"
"291","99","/images/products/natural_sub1.jpg","2"
"292","99","/images/products/natural_sub2.jpg","3"
"293","100","/images/products/natural_main.jpg","1"
"294","100","/images/products/natural_sub1.jpg","2"
"295","100","/images/products/natural_sub2.jpg","3"
"296","101","/images/products/natural_main.jpg","1"
"297","101","/images/products/natural_sub1.jpg","2"
"298","101","/images/products/natural_sub2.jpg","3"
"299","102","/images/products/natural_main.jpg","1"
"300","102","/images/products/natural_sub1.jpg","2"
"301","102","/images/products/natural_sub2.jpg","3"
"302","103","/images/products/natural_main.jpg","1"
"303","103","/images/products/natural_sub1.jpg","2"
"304","103","/images/products/natural_sub2.jpg","3"
"305","104","/images/products/natural_main.jpg","1"
"306","104","/images/products/natural_sub1.jpg","2"
"307","104","/images/products/natural_sub2.jpg","3"
"308","105","/images/products/cider_main.png","1"
"309","105","/images/products/cider_sub1.webp","2"
"310","105","/images/products/cider_sub2.jpg","3"
"311","106","/images/products/natural_main.jpg","1"
"312","106","/images/products/natural_sub1.jpg","2"
"313","106","/images/products/natural_sub2.jpg","3"
"314","107","/images/products/natural_main.jpg","1"
"315","107","/images/products/natural_sub1.jpg","2"
"316","107","/images/products/natural_sub2.jpg","3"
"317","108","/images/products/alkaline_main.jpg","1"
"318","108","/images/products/alkaline_sub1.jpg","2"
"319","108","/images/products/alkaline_sub2.jpg","3"
"320","109","/images/products/natural_main.jpg","1"
"321","109","/images/products/natural_sub1.jpg","2"
"322","109","/images/products/natural_sub2.jpg","3"
"323","110","/images/products/natural_main.jpg","1"
"324","110","/images/products/natural_sub1.jpg","2"
"325","110","/images/products/natural_sub2.jpg","3"
"326","111","/images/products/natural_main.jpg","1"
"327","111","/images/products/natural_sub1.jpg","2"
"328","111","/images/products/natural_sub2.jpg","3"
"329","112","/images/products/natural_main.jpg","1"
"330","112","/images/products/natural_sub1.jpg","2"
"331","112","/images/products/natural_sub2.jpg","3"
"332","113","/images/products/natural_main.jpg","1"
"333","113","/images/products/natural_sub1.jpg","2"
"334","113","/images/products/natural_sub2.jpg","3"
"335","114","/images/products/natural_main.jpg","1"
"336","114","/images/products/natural_sub1.jpg","2"
"337","114","/images/products/natural_sub2.jpg","3"
"338","115","/images/products/natural_main.jpg","1"
"339","115","/images/products/natural_sub1.jpg","2"
"340","115","/images/products/natural_sub2.jpg","3"
"341","116","/images/products/alkaline_main.jpg","1"
"342","116","/images/products/alkaline_sub1.jpg","2"
"343","116","/images/products/alkaline_sub2.jpg","3"
"344","117","/images/products/natural_main.jpg","1"
"345","117","/images/products/natural_sub1.jpg","2"
"346","117","/images/products/natural_sub2.jpg","3"
"347","118","/images/products/natural_main.jpg","1"
"348","118","/images/products/natural_sub1.jpg","2"
"349","118","/images/products/natural_sub2.jpg","3"
"350","119","/images/products/natural_main.jpg","1"
"351","119","/images/products/natural_sub1.jpg","2"
"352","119","/images/products/natural_sub2.jpg","3"
"353","120","/images/products/deepsea_main.jpg","1"
"354","120","/images/products/deepsea_sub1.jpg","2"
"355","120","/images/products/deepsea_sub2.jpg","3"
"356","121","/images/products/natural_main.jpg","1"
"357","121","/images/products/natural_sub1.jpg","2"
"358","121","/images/products/natural_sub2.jpg","3"
"359","122","/images/products/natural_main.jpg","1"
"360","122","/images/products/natural_sub1.jpg","2"
"361","122","/images/products/natural_sub2.jpg","3"
"362","123","/images/products/natural_main.jpg","1"
"363","123","/images/products/natural_sub1.jpg","2"
"364","123","/images/products/natural_sub2.jpg","3"
"365","124","/images/products/natural_main.jpg","1"
"366","124","/images/products/natural_sub1.jpg","2"
"367","124","/images/products/natural_sub2.jpg","3"
"368","125","/images/products/natural_main.jpg","1"
"369","125","/images/products/natural_sub1.jpg","2"
"370","125","/images/products/natural_sub2.jpg","3"
"371","126","/images/products/natural_main.jpg","1"
"372","126","/images/products/natural_sub1.jpg","2"
"373","126","/images/products/natural_sub2.jpg","3"
"374","127","/images/products/natural_main.jpg","1"
"375","127","/images/products/natural_sub1.jpg","2"
"376","127","/images/products/natural_sub2.jpg","3"
"377","128","/images/products/natural_main.jpg","1"
"378","128","/images/products/natural_sub1.jpg","2"
"379","128","/images/products/natural_sub2.jpg","3"
"380","129","/images/products/cider_main.png","1"
"381","129","/images/products/cider_sub1.webp","2"
"382","129","/images/products/cider_sub2.jpg","3"
"383","130","/images/products/natural_main.jpg","1"
"384","130","/images/products/natural_sub1.jpg","2"
"385","130","/images/products/natural_sub2.jpg","3"
"386","131","/images/products/natural_main.jpg","1"
"387","131","/images/products/natural_sub1.jpg","2"
"388","131","/images/products/natural_sub2.jpg","3"
"389","132","/images/products/alkaline_main.jpg","1"
"390","132","/images/products/alkaline_sub1.jpg","2"
"391","132","/images/products/alkaline_sub2.jpg","3"
"392","133","/images/products/natural_main.jpg","1"
"393","133","/images/products/natural_sub1.jpg","2"
"394","133","/images/products/natural_sub2.jpg","3"
"395","134","/images/products/natural_main.jpg","1"
"396","134","/images/products/natural_sub1.jpg","2"
"397","134","/images/products/natural_sub2.jpg","3"
"398","135","/images/products/natural_main.jpg","1"
"399","135","/images/products/natural_sub1.jpg","2"
"400","135","/images/products/natural_sub2.jpg","3"
"401","136","/images/products/natural_main.jpg","1"
"402","136","/images/products/natural_sub1.jpg","2"
"403","136","/images/products/natural_sub2.jpg","3"
"404","137","/images/products/cider_main.png","1"
"405","137","/images/products/cider_sub1.webp","2"
"406","137","/images/products/cider_sub2.jpg","3"
"407","138","/images/products/natural_main.jpg","1"
"408","138","/images/products/natural_sub1.jpg","2"
"409","138","/images/products/natural_sub2.jpg","3"
"410","139","/images/products/natural_main.jpg","1"
"411","139","/images/products/natural_sub1.jpg","2"
"412","139","/images/products/natural_sub2.jpg","3"
"413","140","/images/products/alkaline_main.jpg","1"
"414","140","/images/products/alkaline_sub1.jpg","2"
"415","140","/images/products/alkaline_sub2.jpg","3"
"416","141","/images/products/natural_main.jpg","1"
"417","141","/images/products/natural_sub1.jpg","2"
"418","141","/images/products/natural_sub2.jpg","3"
"419","142","/images/products/natural_main.jpg","1"
"420","142","/images/products/natural_sub1.jpg","2"
"421","142","/images/products/natural_sub2.jpg","3"
"422","143","/images/products/natural_main.jpg","1"
"423","143","/images/products/natural_sub1.jpg","2"
"424","143","/images/products/natural_sub2.jpg","3"
"425","144","/images/products/natural_main.jpg","1"
"426","144","/images/products/natural_sub1.jpg","2"
"427","144","/images/products/natural_sub2.jpg","3"
"428","145","/images/products/natural_main.jpg","1"
"429","145","/images/products/natural_sub1.jpg","2"
"430","145","/images/products/natural_sub2.jpg","3"
"431","146","/images/products/natural_main.jpg","1"
"432","146","/images/products/natural_sub1.jpg","2"
"433","146","/images/products/natural_sub2.jpg","3"
"434","147","/images/products/natural_main.jpg","1"
"435","147","/images/products/natural_sub1.jpg","2"
"436","147","/images/products/natural_sub2.jpg","3"
"437","148","/images/products/natural_main.jpg","1"
"438","148","/images/products/natural_sub1.jpg","2"
"439","148","/images/products/natural_sub2.jpg","3"
"440","149","/images/products/natural_main.jpg","1"
"441","149","/images/products/natural_sub1.jpg","2"
"442","149","/images/products/natural_sub2.jpg","3"
"443","150","/images/products/natural_main.jpg","1"
"444","150","/images/products/natural_sub1.jpg","2"
"445","150","/images/products/natural_sub2.jpg","3"
"446","151","/images/products/natural_main.jpg","1"
"447","151","/images/products/natural_sub1.jpg","2"
"448","151","/images/products/natural_sub2.jpg","3"
"449","152","/images/products/natural_main.jpg","1"
"450","152","/images/products/natural_sub1.jpg","2"
"451","152","/images/products/natural_sub2.jpg","3"
"452","153","/images/products/onsen_main.jpg","1"
"453","153","/images/products/onsen_sub1.webp","2"
"454","153","/images/products/onsen_sub2.webp","3"
"455","154","/images/products/alkaline_main.jpg","1"
"456","154","/images/products/alkaline_sub1.jpg","2"
"457","154","/images/products/alkaline_sub2.jpg","3"
"458","155","/images/products/alkaline_main.jpg","1"
"459","155","/images/products/alkaline_sub1.jpg","2"
"460","155","/images/products/alkaline_sub2.jpg","3"
"461","156","/images/products/onsen_main.jpg","1"
"462","156","/images/products/onsen_sub1.webp","2"
"463","156","/images/products/onsen_sub2.webp","3"
"464","157","/images/products/natural_main.jpg","1"
"465","157","/images/products/natural_sub1.jpg","2"
"466","157","/images/products/natural_sub2.jpg","3"
"467","158","/images/products/natural_main.jpg","1"
"468","158","/images/products/natural_sub1.jpg","2"
"469","158","/images/products/natural_sub2.jpg","3"
"470","159","/images/products/natural_main.jpg","1"
"471","159","/images/products/natural_sub1.jpg","2"
"472","159","/images/products/natural_sub2.jpg","3"
"473","160","/images/products/natural_main.jpg","1"
"474","160","/images/products/natural_sub1.jpg","2"
"475","160","/images/products/natural_sub2.jpg","3"
"476","161","/images/products/natural_main.jpg","1"
"477","161","/images/products/natural_sub1.jpg","2"
"478","161","/images/products/natural_sub2.jpg","3"
"479","162","/images/products/deepsea_main.jpg","1"
"480","162","/images/products/deepsea_sub1.jpg","2"
"481","162","/images/products/deepsea_sub2.jpg","3"
"482","163","/images/products/natural_main.jpg","1"
"483","163","/images/products/natural_sub1.jpg","2"
"484","163","/images/products/natural_sub2.jpg","3"
"485","164","/images/products/natural_main.jpg","1"
"486","164","/images/products/natural_sub1.jpg","2"
"487","164","/images/products/natural_sub2.jpg","3"
"488","165","/images/products/onsen_main.jpg","1"
"489","165","/images/products/onsen_sub1.webp","2"
"490","165","/images/products/onsen_sub2.webp","3"
"491","166","/images/products/natural_main.jpg","1"
"492","166","/images/products/natural_sub1.jpg","2"
"493","166","/images/products/natural_sub2.jpg","3"
"494","167","/images/products/cider_main.png","1"
"495","167","/images/products/cider_sub1.webp","2"
"496","167","/images/products/cider_sub2.jpg","3"
"497","168","/images/products/natural_main.jpg","1"
"498","168","/images/products/natural_sub1.jpg","2"
"499","168","/images/products/natural_sub2.jpg","3"
"500","169","/images/products/onsen_main.jpg","1"
"501","169","/images/products/onsen_sub1.webp","2"
"502","169","/images/products/onsen_sub2.webp","3"
"503","170","/images/products/deepsea_main.jpg","1"
"504","170","/images/products/deepsea_sub1.jpg","2"
"505","170","/images/products/deepsea_sub2.jpg","3"
"506","171","/images/products/natural_main.jpg","1"
"507","171","/images/products/natural_sub1.jpg","2"
"508","171","/images/products/natural_sub2.jpg","3"
"509","172","/images/products/natural_main.jpg","1"
"510","172","/images/products/natural_sub1.jpg","2"
"511","172","/images/products/natural_sub2.jpg","3"
"512","173","/images/products/natural_main.jpg","1"
"513","173","/images/products/natural_sub1.jpg","2"
"514","173","/images/products/natural_sub2.jpg","3"
"515","174","/images/products/natural_main.jpg","1"
"516","174","/images/products/natural_sub1.jpg","2"
"517","174","/images/products/natural_sub2.jpg","3"
"518","175","/images/products/natural_main.jpg","1"
"519","175","/images/products/natural_sub1.jpg","2"
"520","175","/images/products/natural_sub2.jpg","3"
"521","176","/images/products/cider_main.png","1"
"522","176","/images/products/cider_sub1.webp","2"
"523","176","/images/products/cider_sub2.jpg","3"
"524","177","/images/products/natural_main.jpg","1"
"525","177","/images/products/natural_sub1.jpg","2"
"526","177","/images/products/natural_sub2.jpg","3"
"527","178","/images/products/natural_main.jpg","1"
"528","178","/images/products/natural_sub1.jpg","2"
"529","178","/images/products/natural_sub2.jpg","3"
"530","179","/images/products/alkaline_main.jpg","1"
"531","179","/images/products/alkaline_sub1.jpg","2"
"532","179","/images/products/alkaline_sub2.jpg","3"
"533","180","/images/products/natural_main.jpg","1"
"534","180","/images/products/natural_sub1.jpg","2"
"535","180","/images/products/natural_sub2.jpg","3"
"536","181","/images/products/natural_main.jpg","1"
"537","181","/images/products/natural_sub1.jpg","2"
"538","181","/images/products/natural_sub2.jpg","3"
"539","182","/images/products/natural_main.jpg","1"
"540","182","/images/products/natural_sub1.jpg","2"
"541","182","/images/products/natural_sub2.jpg","3"
"542","183","/images/products/natural_main.jpg","1"
"543","183","/images/products/natural_sub1.jpg","2"
"544","183","/images/products/natural_sub2.jpg","3"
"545","184","/images/products/cider_main.png","1"
"546","184","/images/products/cider_sub1.webp","2"
"547","184","/images/products/cider_sub2.jpg","3"
"548","185","/images/products/natural_main.jpg","1"
"549","185","/images/products/natural_sub1.jpg","2"
"550","185","/images/products/natural_sub2.jpg","3"
"551","186","/images/products/natural_main.jpg","1"
"552","186","/images/products/natural_sub1.jpg","2"
"553","186","/images/products/natural_sub2.jpg","3"
"554","187","/images/products/alkaline_main.jpg","1"
"555","187","/images/products/alkaline_sub1.jpg","2"
"556","187","/images/products/alkaline_sub2.jpg","3"
"557","188","/images/products/natural_main.jpg","1"
"558","188","/images/products/natural_sub1.jpg","2"
"559","188","/images/products/natural_sub2.jpg","3"
"560","189","/images/products/natural_main.jpg","1"
"561","189","/images/products/natural_sub1.jpg","2"
"562","189","/images/products/natural_sub2.jpg","3"
"563","190","/images/products/natural_main.jpg","1"
"564","190","/images/products/natural_sub1.jpg","2"
"565","190","/images/products/natural_sub2.jpg","3"
"566","191","/images/products/natural_main.jpg","1"
"567","191","/images/products/natural_sub1.jpg","2"
"568","191","/images/products/natural_sub2.jpg","3"
"569","192","/images/products/natural_main.jpg","1"
"570","192","/images/products/natural_sub1.jpg","2"
"571","192","/images/products/natural_sub2.jpg","3"
"572","193","/images/products/natural_main.jpg","1"
"573","193","/images/products/natural_sub1.jpg","2"
"574","193","/images/products/natural_sub2.jpg","3"
"575","194","/images/products/natural_main.jpg","1"
"576","194","/images/products/natural_sub1.jpg","2"
"577","194","/images/products/natural_sub2.jpg","3"
"578","195","/images/products/natural_main.jpg","1"
"579","195","/images/products/natural_sub1.jpg","2"
"580","195","/images/products/natural_sub2.jpg","3"
"581","196","/images/products/natural_main.jpg","1"
"582","196","/images/products/natural_sub1.jpg","2"
"583","196","/images/products/natural_sub2.jpg","3"
"584","197","/images/products/natural_main.jpg","1"
"585","197","/images/products/natural_sub1.jpg","2"
"586","197","/images/products/natural_sub2.jpg","3"
"587","198","/images/products/natural_main.jpg","1"
"588","198","/images/products/natural_sub1.jpg","2"
"589","198","/images/products/natural_sub2.jpg","3"
"590","199","/images/products/natural_main.jpg","1"
"591","199","/images/products/natural_sub1.jpg","2"
"592","199","/images/products/natural_sub2.jpg","3"
"593","200","/images/products/onsen_main.jpg","1"
"594","200","/images/products/onsen_sub1.webp","2"
"595","200","/images/products/onsen_sub2.webp","3"
"596","201","/images/products/alkaline_main.jpg","1"
"597","201","/images/products/alkaline_sub1.jpg","2"
"598","201","/images/products/alkaline_sub2.jpg","3"
"599","202","/images/products/alkaline_main.jpg","1"
"600","202","/images/products/alkaline_sub1.jpg","2"
"601","202","/images/products/alkaline_sub2.jpg","3"
"602","203","/images/products/onsen_main.jpg","1"
"603","203","/images/products/onsen_sub1.webp","2"
"604","203","/images/products/onsen_sub2.webp","3"
