"id","product_id","size_or_color","price","variant_image_url","stock","litl","is_main"
"5","4","2L × 6本ケース","1480","/images/products/natural_variant1.jpg","26","2000","0"
"6","4","2L × 12本（2ケース）","2738","/images/products/natural_variant2.webp","45","2000","1"
"7","5","500ml × 24本ケース","3200","/images/products/onsen_variant1.webp","55","500","0"
"8","5","500ml × 48本（2ケース）","5920","/images/products/onsen_variant2.webp","23","500","1"
"9","6","2L × 6本ケース","1480","/images/products/natural_variant1.jpg","171","2000","0"
"10","6","2L × 12本（2ケース）","2738","/images/products/natural_variant2.webp","64","2000","1"
"11","7","500ml × 24本ケース","2800","/images/products/cider_variant1.jpg","43","500","0"
"12","7","500ml × 48本（2ケース）","5180","/images/products/cider_variant2.jpg","37","500","1"
"13","8","500ml × 24本ケース","2800","/images/products/onsen_variant1.webp","163","500","0"
"14","8","500ml × 48本（2ケース）","5180","/images/products/onsen_variant2.webp","35","500","1"
"15","9","2L × 6本ケース","1980","/images/products/natural_variant1.jpg","76","2000","0"
"16","9","2L × 12本（2ケース）","3663","/images/products/natural_variant2.webp","67","2000","1"
"17","10","2L × 6本ケース","1800","/images/products/natural_variant1.jpg","21","2000","0"
"18","10","2L × 12本（2ケース）","3330","/images/products/natural_variant2.webp","30","2000","1"
"19","11","2L × 6本ケース","1980","/images/products/natural_variant1.jpg","107","2000","0"
"20","11","2L × 12本（2ケース）","3663","/images/products/natural_variant2.webp","45","2000","1"
"21","12","500ml × 24本ケース","3200","/images/products/alkaline_variant1.jpg","106","500","0"
"22","12","500ml × 48本（2ケース）","5920","/images/products/alkaline_variant2.jpg","23","500","1"
"23","13","500ml × 24本ケース","3800","/images/products/natural_variant1.jpg","44","500","0"
"24","13","500ml × 48本（2ケース）","7030","/images/products/natural_variant2.webp","55","500","1"
"25","14","550ml × 24本ケース","3600","/images/products/natural_variant1.jpg","31","550","0"
"26","14","550ml × 48本（2ケース）","6660","/images/products/natural_variant2.webp","68","550","1"
"27","15","500ml × 24本ケース","3800","/images/products/cider_variant1.jpg","40","500","0"
"28","15","500ml × 48本（2ケース）","7030","/images/products/cider_variant2.jpg","80","500","1"
"29","16","550ml × 24本ケース","3600","/images/products/natural_variant1.jpg","167","550","0"
"30","16","550ml × 48本（2ケース）","6660","/images/products/natural_variant2.webp","34","550","1"
"31","17","2L × 6本ケース","1480","/images/products/deepsea_variant1.jpg","31","2000","0"
"32","17","2L × 12本（2ケース）","2738","/images/products/deepsea_variant2.jpg","94","2000","1"
"33","18","500ml × 24本ケース","3480","/images/products/natural_variant1.jpg","40","500","0"
"34","18","500ml × 48本（2ケース）","6438","/images/products/natural_variant2.webp","39","500","1"
"35","19","500ml × 24本ケース","3800","/images/products/natural_variant1.jpg","91","500","0"
"36","19","500ml × 48本（2ケース）","7030","/images/products/natural_variant2.webp","68","500","1"
"37","20","330ml × 24本ケース","2600","/images/products/cider_variant1.jpg","114","330","0"
"38","20","330ml × 48本（2ケース）","4810","/images/products/cider_variant2.jpg","55","330","1"
"39","21","500ml × 24本ケース","3480","/images/products/natural_variant1.jpg","38","500","0"
"40","21","500ml × 48本（2ケース）","6438","/images/products/natural_variant2.webp","87","500","1"
"41","22","2L × 6本ケース","1650","/images/products/natural_variant1.jpg","156","2000","0"
"42","22","2L × 12本（2ケース）","3052","/images/products/natural_variant2.webp","41","2000","1"
"43","23","500ml × 24本ケース","3800","/images/products/natural_variant1.jpg","117","500","0"
"44","23","500ml × 48本（2ケース）","7030","/images/products/natural_variant2.webp","44","500","1"
"45","24","2L × 6本ケース","1650","/images/products/natural_variant1.jpg","103","2000","0"
"46","24","2L × 12本（2ケース）","3052","/images/products/natural_variant2.webp","17","2000","1"
"47","25","500ml × 24本ケース","2800","/images/products/onsen_variant1.webp","100","500","0"
"48","25","500ml × 48本（2ケース）","5180","/images/products/onsen_variant2.webp","61","500","1"
"49","26","550ml × 24本ケース","2980","/images/products/natural_variant1.jpg","74","550","0"
"50","26","550ml × 48本（2ケース）","5513","/images/products/natural_variant2.webp","82","550","1"
"51","27","2L × 6本ケース","1800","/images/products/alkaline_variant1.jpg","74","2000","0"
"52","27","2L × 12本（2ケース）","3330","/images/products/alkaline_variant2.jpg","93","2000","1"
"53","28","550ml × 24本ケース","3980","/images/products/natural_variant1.jpg","137","550","0"
"54","28","550ml × 48本（2ケース）","7363","/images/products/natural_variant2.webp","28","550","1"
"55","29","550ml × 24本ケース","3300","/images/products/alkaline_variant1.jpg","83","550","0"
"56","29","550ml × 48本（2ケース）","6105","/images/products/alkaline_variant2.jpg","81","550","1"
"57","30","2L × 6本ケース","1800","/images/products/alkaline_variant1.jpg","169","2000","0"
"58","30","2L × 12本（2ケース）","3330","/images/products/alkaline_variant2.jpg","64","2000","1"
"59","31","2L × 6本ケース","1980","/images/products/natural_variant1.jpg","112","2000","0"
"60","31","2L × 12本（2ケース）","3663","/images/products/natural_variant2.webp","38","2000","1"
"61","32","500ml × 24本ケース","3800","/images/products/onsen_variant1.webp","43","500","0"
"62","32","500ml × 48本（2ケース）","7030","/images/products/onsen_variant2.webp","16","500","1"
"63","33","500ml × 24本ケース","3200","/images/products/natural_variant1.jpg","180","500","0"
"64","33","500ml × 48本（2ケース）","5920","/images/products/natural_variant2.webp","30","500","1"
"65","34","2L × 6本ケース","1980","/images/products/natural_variant1.jpg","172","2000","0"
"66","34","2L × 12本（2ケース）","3663","/images/products/natural_variant2.webp","18","2000","1"
"67","35","550ml × 24本ケース","3980","/images/products/natural_variant1.jpg","172","550","0"
"68","35","550ml × 48本（2ケース）","7363","/images/products/natural_variant2.webp","69","550","1"
"69","36","2L × 6本ケース","1800","/images/products/natural_variant1.jpg","161","2000","0"
"70","36","2L × 12本（2ケース）","3330","/images/products/natural_variant2.webp","11","2000","1"
"71","37","2L × 6本ケース","1480","/images/products/natural_variant1.jpg","157","2000","0"
"72","37","2L × 12本（2ケース）","2738","/images/products/natural_variant2.webp","44","2000","1"
"73","38","2L × 6本ケース","1800","/images/products/deepsea_variant1.jpg","48","2000","0"
"74","38","2L × 12本（2ケース）","3330","/images/products/deepsea_variant2.jpg","47","2000","1"
"75","39","550ml × 24本ケース","3300","/images/products/natural_variant1.jpg","136","550","0"
"76","39","550ml × 48本（2ケース）","6105","/images/products/natural_variant2.webp","10","550","1"
"77","40","2L × 6本ケース","1800","/images/products/alkaline_variant1.jpg","148","2000","0"
"78","40","2L × 12本（2ケース）","3330","/images/products/alkaline_variant2.jpg","32","2000","1"
"79","41","2L × 6本ケース","1480","/images/products/natural_variant1.jpg","180","2000","0"
"80","41","2L × 12本（2ケース）","2738","/images/products/natural_variant2.webp","48","2000","1"
"81","42","2L × 6本ケース","1650","/images/products/natural_variant1.jpg","59","2000","0"
"82","42","2L × 12本（2ケース）","3052","/images/products/natural_variant2.webp","57","2000","1"
"83","43","500ml × 24本ケース","2800","/images/products/natural_variant1.jpg","173","500","0"
"84","43","500ml × 48本（2ケース）","5180","/images/products/natural_variant2.webp","51","500","1"
"85","44","550ml × 24本ケース","2980","/images/products/onsen_variant1.webp","48","550","0"
"86","44","550ml × 48本（2ケース）","5513","/images/products/onsen_variant2.webp","56","550","1"
"87","45","550ml × 24本ケース","3300","/images/products/natural_variant1.jpg","34","550","0"
"88","45","550ml × 48本（2ケース）","6105","/images/products/natural_variant2.webp","40","550","1"
"89","46","2L × 6本ケース","1480","/images/products/alkaline_variant1.jpg","41","2000","0"
"90","46","2L × 12本（2ケース）","2738","/images/products/alkaline_variant2.jpg","72","2000","1"
"91","47","500ml × 24本ケース","3200","/images/products/natural_variant1.jpg","52","500","0"
"92","47","500ml × 48本（2ケース）","5920","/images/products/natural_variant2.webp","94","500","1"
"93","48","550ml × 24本ケース","3300","/images/products/natural_variant1.jpg","87","550","0"
"94","48","550ml × 48本（2ケース）","6105","/images/products/natural_variant2.webp","77","550","1"
"95","49","2L × 6本ケース","1980","/images/products/natural_variant1.jpg","74","2000","0"
"96","49","2L × 12本（2ケース）","3663","/images/products/natural_variant2.webp","79","2000","1"
"97","50","2L × 6本ケース","1650","/images/products/natural_variant1.jpg","99","2000","0"
"98","50","2L × 12本（2ケース）","3052","/images/products/natural_variant2.webp","61","2000","1"
"99","51","2L × 6本ケース","1800","/images/products/alkaline_variant1.jpg","132","2000","0"
"100","51","2L × 12本（2ケース）","3330","/images/products/alkaline_variant2.jpg","76","2000","1"
"101","52","330ml × 24本ケース","2400","/images/products/cider_variant1.jpg","83","330","0"
"102","52","330ml × 48本（2ケース）","4440","/images/products/cider_variant2.jpg","38","330","1"
"103","53","500ml × 24本ケース","3480","/images/products/natural_variant1.jpg","25","500","0"
"104","53","500ml × 48本（2ケース）","6438","/images/products/natural_variant2.webp","85","500","1"
"105","54","2L × 6本ケース","1650","/images/products/natural_variant1.jpg","170","2000","0"
"106","54","2L × 12本（2ケース）","3052","/images/products/natural_variant2.webp","38","2000","1"
"107","55","500ml × 24本ケース","2800","/images/products/natural_variant1.jpg","35","500","0"
"108","55","500ml × 48本（2ケース）","5180","/images/products/natural_variant2.webp","39","500","1"
"109","56","500ml × 24本ケース","2800","/images/products/natural_variant1.jpg","104","500","0"
"110","56","500ml × 48本（2ケース）","5180","/images/products/natural_variant2.webp","19","500","1"
"111","57","2L × 6本ケース","1650","/images/products/natural_variant1.jpg","91","2000","0"
"112","57","2L × 12本（2ケース）","3052","/images/products/natural_variant2.webp","95","2000","1"
"113","58","550ml × 24本ケース","3300","/images/products/natural_variant1.jpg","158","550","0"
"114","58","550ml × 48本（2ケース）","6105","/images/products/natural_variant2.webp","26","550","1"
"115","59","2L × 6本ケース","1980","/images/products/natural_variant1.jpg","82","2000","0"
"116","59","2L × 12本（2ケース）","3663","/images/products/natural_variant2.webp","70","2000","1"
"117","60","550ml × 24本ケース","3300","/images/products/natural_variant1.jpg","44","550","0"
"118","60","550ml × 48本（2ケース）","6105","/images/products/natural_variant2.webp","22","550","1"
"119","61","2L × 6本ケース","1980","/images/products/natural_variant1.jpg","110","2000","0"
"120","61","2L × 12本（2ケース）","3663","/images/products/natural_variant2.webp","64","2000","1"
"121","62","550ml × 24本ケース","3980","/images/products/natural_variant1.jpg","33","550","0"
"122","62","550ml × 48本（2ケース）","7363","/images/products/natural_variant2.webp","93","550","1"
"123","63","2L × 6本ケース","1480","/images/products/natural_variant1.jpg","35","2000","0"
"124","63","2L × 12本（2ケース）","2738","/images/products/natural_variant2.webp","61","2000","1"
"125","64","2L × 6本ケース","1800","/images/products/alkaline_variant1.jpg","47","2000","0"
"126","64","2L × 12本（2ケース）","3330","/images/products/alkaline_variant2.jpg","41","2000","1"
"127","65","500ml × 24本ケース","3200","/images/products/natural_variant1.jpg","157","500","0"
"128","65","500ml × 48本（2ケース）","5920","/images/products/natural_variant2.webp","67","500","1"
"129","66","500ml × 24本ケース","3800","/images/products/natural_variant1.jpg","66","500","0"
"130","66","500ml × 48本（2ケース）","7030","/images/products/natural_variant2.webp","45","500","1"
"131","67","550ml × 24本ケース","3300","/images/products/natural_variant1.jpg","39","550","0"
"132","67","550ml × 48本（2ケース）","6105","/images/products/natural_variant2.webp","66","550","1"
"133","68","2L × 6本ケース","1480","/images/products/natural_variant1.jpg","32","2000","0"
"134","68","2L × 12本（2ケース）","2738","/images/products/natural_variant2.webp","93","2000","1"
"135","69","2L × 6本ケース","1480","/images/products/natural_variant1.jpg","43","2000","0"
"136","69","2L × 12本（2ケース）","2738","/images/products/natural_variant2.webp","40","2000","1"
"137","70","500ml × 24本ケース","3800","/images/products/natural_variant1.jpg","144","500","0"
"138","70","500ml × 48本（2ケース）","7030","/images/products/natural_variant2.webp","71","500","1"
"139","71","500ml × 24本ケース","3800","/images/products/natural_variant1.jpg","35","500","0"
"140","71","500ml × 48本（2ケース）","7030","/images/products/natural_variant2.webp","31","500","1"
"141","72","550ml × 24本ケース","2980","/images/products/natural_variant1.jpg","119","550","0"
"142","72","550ml × 48本（2ケース）","5513","/images/products/natural_variant2.webp","43","550","1"
"143","73","550ml × 24本ケース","3600","/images/products/natural_variant1.jpg","128","550","0"
"144","73","550ml × 48本（2ケース）","6660","/images/products/natural_variant2.webp","81","550","1"
"145","74","2L × 6本ケース","1980","/images/products/natural_variant1.jpg","59","2000","0"
"146","74","2L × 12本（2ケース）","3663","/images/products/natural_variant2.webp","34","2000","1"
"147","75","550ml × 24本ケース","3300","/images/products/onsen_variant1.webp","34","550","0"
"148","75","550ml × 48本（2ケース）","6105","/images/products/onsen_variant2.webp","84","550","1"
"149","76","2L × 6本ケース","1480","/images/products/natural_variant1.jpg","100","2000","0"
"150","76","2L × 12本（2ケース）","2738","/images/products/natural_variant2.webp","17","2000","1"
"151","77","500ml × 24本ケース","3800","/images/products/natural_variant1.jpg","148","500","0"
"152","77","500ml × 48本（2ケース）","7030","/images/products/natural_variant2.webp","77","500","1"
"153","78","500ml × 24本ケース","2800","/images/products/natural_variant1.jpg","150","500","0"
"154","78","500ml × 48本（2ケース）","5180","/images/products/natural_variant2.webp","20","500","1"
"155","79","500ml × 24本ケース","2800","/images/products/natural_variant1.jpg","172","500","0"
"156","79","500ml × 48本（2ケース）","5180","/images/products/natural_variant2.webp","18","500","1"
"157","80","500ml × 24本ケース","3800","/images/products/cider_variant1.jpg","50","500","0"
"158","80","500ml × 48本（2ケース）","7030","/images/products/cider_variant2.jpg","82","500","1"
"159","81","500ml × 24本ケース","2800","/images/products/natural_variant1.jpg","178","500","0"
"160","81","500ml × 48本（2ケース）","5180","/images/products/natural_variant2.webp","20","500","1"
"161","82","550ml × 24本ケース","3600","/images/products/natural_variant1.jpg","86","550","0"
"162","82","550ml × 48本（2ケース）","6660","/images/products/natural_variant2.webp","36","550","1"
"163","83","2L × 6本ケース","1800","/images/products/natural_variant1.jpg","81","2000","0"
"164","83","2L × 12本（2ケース）","3330","/images/products/natural_variant2.webp","43","2000","1"
"165","84","550ml × 24本ケース","3300","/images/products/natural_variant1.jpg","96","550","0"
"166","84","550ml × 48本（2ケース）","6105","/images/products/natural_variant2.webp","68","550","1"
"167","85","550ml × 24本ケース","2980","/images/products/natural_variant1.jpg","22","550","0"
"168","85","550ml × 48本（2ケース）","5513","/images/products/natural_variant2.webp","68","550","1"
"169","86","2L × 6本ケース","1480","/images/products/deepsea_variant1.jpg","38","2000","0"
"170","86","2L × 12本（2ケース）","2738","/images/products/deepsea_variant2.jpg","78","2000","1"
"171","87","500ml × 24本ケース","3480","/images/products/natural_variant1.jpg","53","500","0"
"172","87","500ml × 48本（2ケース）","6438","/images/products/natural_variant2.webp","54","500","1"
"173","88","500ml × 24本ケース","3200","/images/products/natural_variant1.jpg","114","500","0"
"174","88","500ml × 48本（2ケース）","5920","/images/products/natural_variant2.webp","46","500","1"
"175","89","500ml × 24本ケース","3800","/images/products/natural_variant1.jpg","159","500","0"
"176","89","500ml × 48本（2ケース）","7030","/images/products/natural_variant2.webp","48","500","1"
"177","90","2L × 6本ケース","1480","/images/products/natural_variant1.jpg","161","2000","0"
"178","90","2L × 12本（2ケース）","2738","/images/products/natural_variant2.webp","48","2000","1"
"179","91","2L × 6本ケース","1480","/images/products/deepsea_variant1.jpg","54","2000","0"
"180","91","2L × 12本（2ケース）","2738","/images/products/deepsea_variant2.jpg","43","2000","1"
"181","92","500ml × 24本ケース","2800","/images/products/natural_variant1.jpg","161","500","0"
"182","92","500ml × 48本（2ケース）","5180","/images/products/natural_variant2.webp","29","500","1"
"183","93","550ml × 24本ケース","3600","/images/products/natural_variant1.jpg","174","550","0"
"184","93","550ml × 48本（2ケース）","6660","/images/products/natural_variant2.webp","36","550","1"
"185","94","2L × 6本ケース","1800","/images/products/natural_variant1.jpg","72","2000","0"
"186","94","2L × 12本（2ケース）","3330","/images/products/natural_variant2.webp","91","2000","1"
"187","95","550ml × 24本ケース","3980","/images/products/natural_variant1.jpg","84","550","0"
"188","95","550ml × 48本（2ケース）","7363","/images/products/natural_variant2.webp","16","550","1"
"189","96","500ml × 24本ケース","3800","/images/products/onsen_variant1.webp","90","500","0"
"190","96","500ml × 48本（2ケース）","7030","/images/products/onsen_variant2.webp","15","500","1"
"191","97","500ml × 24本ケース","3480","/images/products/natural_variant1.jpg","53","500","0"
"192","97","500ml × 48本（2ケース）","6438","/images/products/natural_variant2.webp","91","500","1"
"193","98","550ml × 24本ケース","3300","/images/products/alkaline_variant1.jpg","133","550","0"
"194","98","550ml × 48本（2ケース）","6105","/images/products/alkaline_variant2.jpg","80","550","1"
"195","99","2L × 6本ケース","1980","/images/products/natural_variant1.jpg","163","2000","0"
"196","99","2L × 12本（2ケース）","3663","/images/products/natural_variant2.webp","11","2000","1"
"197","100","500ml × 24本ケース","2800","/images/products/natural_variant1.jpg","58","500","0"
"198","100","500ml × 48本（2ケース）","5180","/images/products/natural_variant2.webp","79","500","1"
"199","101","500ml × 24本ケース","3480","/images/products/natural_variant1.jpg","169","500","0"
"200","101","500ml × 48本（2ケース）","6438","/images/products/natural_variant2.webp","80","500","1"
"201","102","500ml × 24本ケース","3800","/images/products/natural_variant1.jpg","52","500","0"
"202","102","500ml × 48本（2ケース）","7030","/images/products/natural_variant2.webp","15","500","1"
"203","103","550ml × 24本ケース","3600","/images/products/natural_variant1.jpg","30","550","0"
"204","103","550ml × 48本（2ケース）","6660","/images/products/natural_variant2.webp","55","550","1"
"205","104","500ml × 24本ケース","3200","/images/products/natural_variant1.jpg","46","500","0"
"206","104","500ml × 48本（2ケース）","5920","/images/products/natural_variant2.webp","55","500","1"
"207","105","330ml × 24本ケース","2600","/images/products/cider_variant1.jpg","80","330","0"
"208","105","330ml × 48本（2ケース）","4810","/images/products/cider_variant2.jpg","30","330","1"
"209","106","500ml × 24本ケース","3800","/images/products/natural_variant1.jpg","26","500","0"
"210","106","500ml × 48本（2ケース）","7030","/images/products/natural_variant2.webp","32","500","1"
"211","107","2L × 6本ケース","1800","/images/products/natural_variant1.jpg","125","2000","0"
"212","107","2L × 12本（2ケース）","3330","/images/products/natural_variant2.webp","95","2000","1"
"213","108","2L × 6本ケース","1650","/images/products/alkaline_variant1.jpg","88","2000","0"
"214","108","2L × 12本（2ケース）","3052","/images/products/alkaline_variant2.jpg","30","2000","1"
"215","109","2L × 6本ケース","1480","/images/products/natural_variant1.jpg","117","2000","0"
"216","109","2L × 12本（2ケース）","2738","/images/products/natural_variant2.webp","14","2000","1"
"217","110","550ml × 24本ケース","3300","/images/products/natural_variant1.jpg","71","550","0"
"218","110","550ml × 48本（2ケース）","6105","/images/products/natural_variant2.webp","68","550","1"
"219","111","550ml × 24本ケース","3600","/images/products/natural_variant1.jpg","78","550","0"
"220","111","550ml × 48本（2ケース）","6660","/images/products/natural_variant2.webp","38","550","1"
"221","112","500ml × 24本ケース","3200","/images/products/natural_variant1.jpg","122","500","0"
"222","112","500ml × 48本（2ケース）","5920","/images/products/natural_variant2.webp","52","500","1"
"223","113","550ml × 24本ケース","2980","/images/products/natural_variant1.jpg","91","550","0"
"224","113","550ml × 48本（2ケース）","5513","/images/products/natural_variant2.webp","54","550","1"
"225","114","2L × 6本ケース","1980","/images/products/natural_variant1.jpg","157","2000","0"
"226","114","2L × 12本（2ケース）","3663","/images/products/natural_variant2.webp","52","2000","1"
"227","115","500ml × 24本ケース","2800","/images/products/natural_variant1.jpg","86","500","0"
"228","115","500ml × 48本（2ケース）","5180","/images/products/natural_variant2.webp","32","500","1"
"229","116","2L × 6本ケース","1800","/images/products/alkaline_variant1.jpg","29","2000","0"
"230","116","2L × 12本（2ケース）","3330","/images/products/alkaline_variant2.jpg","23","2000","1"
"231","117","2L × 6本ケース","1980","/images/products/natural_variant1.jpg","108","2000","0"
"232","117","2L × 12本（2ケース）","3663","/images/products/natural_variant2.webp","50","2000","1"
"233","118","550ml × 24本ケース","2980","/images/products/natural_variant1.jpg","118","550","0"
"234","118","550ml × 48本（2ケース）","5513","/images/products/natural_variant2.webp","83","550","1"
"235","119","500ml × 24本ケース","3480","/images/products/natural_variant1.jpg","31","500","0"
"236","119","500ml × 48本（2ケース）","6438","/images/products/natural_variant2.webp","65","500","1"
"237","120","500ml × 24本ケース","3200","/images/products/deepsea_variant1.jpg","113","500","0"
"238","120","500ml × 48本（2ケース）","5920","/images/products/deepsea_variant2.jpg","65","500","1"
"239","121","500ml × 24本ケース","3480","/images/products/natural_variant1.jpg","179","500","0"
"240","121","500ml × 48本（2ケース）","6438","/images/products/natural_variant2.webp","50","500","1"
"241","122","2L × 6本ケース","1480","/images/products/natural_variant1.jpg","96","2000","0"
"242","122","2L × 12本（2ケース）","2738","/images/products/natural_variant2.webp","74","2000","1"
"243","123","550ml × 24本ケース","3980","/images/products/natural_variant1.jpg","103","550","0"
"244","123","550ml × 48本（2ケース）","7363","/images/products/natural_variant2.webp","61","550","1"
"245","124","2L × 6本ケース","1800","/images/products/natural_variant1.jpg","161","2000","0"
"246","124","2L × 12本（2ケース）","3330","/images/products/natural_variant2.webp","26","2000","1"
"247","125","500ml × 24本ケース","3800","/images/products/natural_variant1.jpg","117","500","0"
"248","125","500ml × 48本（2ケース）","7030","/images/products/natural_variant2.webp","32","500","1"
"249","126","2L × 6本ケース","1800","/images/products/natural_variant1.jpg","123","2000","0"
"250","126","2L × 12本（2ケース）","3330","/images/products/natural_variant2.webp","80","2000","1"
"251","127","500ml × 24本ケース","3480","/images/products/natural_variant1.jpg","93","500","0"
"252","127","500ml × 48本（2ケース）","6438","/images/products/natural_variant2.webp","36","500","1"
"253","128","550ml × 24本ケース","3600","/images/products/natural_variant1.jpg","139","550","0"
"254","128","550ml × 48本（2ケース）","6660","/images/products/natural_variant2.webp","66","550","1"
"255","129","330ml × 24本ケース","2600","/images/products/cider_variant1.jpg","150","330","0"
"256","129","330ml × 48本（2ケース）","4810","/images/products/cider_variant2.jpg","70","330","1"
"257","130","2L × 6本ケース","1650","/images/products/natural_variant1.jpg","41","2000","0"
"258","130","2L × 12本（2ケース）","3052","/images/products/natural_variant2.webp","46","2000","1"
"259","131","2L × 6本ケース","1800","/images/products/natural_variant1.jpg","43","2000","0"
"260","131","2L × 12本（2ケース）","3330","/images/products/natural_variant2.webp","40","2000","1"
"261","132","2L × 6本ケース","1800","/images/products/alkaline_variant1.jpg","77","2000","0"
"262","132","2L × 12本（2ケース）","3330","/images/products/alkaline_variant2.jpg","35","2000","1"
"263","133","500ml × 24本ケース","2800","/images/products/natural_variant1.jpg","31","500","0"
"264","133","500ml × 48本（2ケース）","5180","/images/products/natural_variant2.webp","41","500","1"
"265","134","550ml × 24本ケース","2980","/images/products/natural_variant1.jpg","136","550","0"
"266","134","550ml × 48本（2ケース）","5513","/images/products/natural_variant2.webp","63","550","1"
"267","135","2L × 6本ケース","1650","/images/products/natural_variant1.jpg","118","2000","0"
"268","135","2L × 12本（2ケース）","3052","/images/products/natural_variant2.webp","73","2000","1"
"269","136","550ml × 24本ケース","3300","/images/products/natural_variant1.jpg","57","550","0"
"270","136","550ml × 48本（2ケース）","6105","/images/products/natural_variant2.webp","93","550","1"
"271","137","500ml × 24本ケース","2800","/images/products/cider_variant1.jpg","128","500","0"
"272","137","500ml × 48本（2ケース）","5180","/images/products/cider_variant2.jpg","38","500","1"
"273","138","500ml × 24本ケース","3800","/images/products/natural_variant1.jpg","32","500","0"
"274","138","500ml × 48本（2ケース）","7030","/images/products/natural_variant2.webp","81","500","1"
"275","139","500ml × 24本ケース","2800","/images/products/natural_variant1.jpg","136","500","0"
"276","139","500ml × 48本（2ケース）","5180","/images/products/natural_variant2.webp","27","500","1"
"277","140","550ml × 24本ケース","3600","/images/products/alkaline_variant1.jpg","133","550","0"
"278","140","550ml × 48本（2ケース）","6660","/images/products/alkaline_variant2.jpg","88","550","1"
"279","141","2L × 6本ケース","1980","/images/products/natural_variant1.jpg","160","2000","0"
"280","141","2L × 12本（2ケース）","3663","/images/products/natural_variant2.webp","67","2000","1"
"281","142","500ml × 24本ケース","3800","/images/products/natural_variant1.jpg","135","500","0"
"282","142","500ml × 48本（2ケース）","7030","/images/products/natural_variant2.webp","43","500","1"
"283","143","500ml × 24本ケース","3480","/images/products/natural_variant1.jpg","153","500","0"
"284","143","500ml × 48本（2ケース）","6438","/images/products/natural_variant2.webp","72","500","1"
"285","144","2L × 6本ケース","1650","/images/products/natural_variant1.jpg","90","2000","0"
"286","144","2L × 12本（2ケース）","3052","/images/products/natural_variant2.webp","66","2000","1"
"287","145","500ml × 24本ケース","3480","/images/products/natural_variant1.jpg","80","500","0"
"288","145","500ml × 48本（2ケース）","6438","/images/products/natural_variant2.webp","44","500","1"
"289","146","550ml × 24本ケース","3600","/images/products/natural_variant1.jpg","158","550","0"
"290","146","550ml × 48本（2ケース）","6660","/images/products/natural_variant2.webp","20","550","1"
"291","147","500ml × 24本ケース","3200","/images/products/natural_variant1.jpg","79","500","0"
"292","147","500ml × 48本（2ケース）","5920","/images/products/natural_variant2.webp","59","500","1"
"293","148","2L × 6本ケース","1650","/images/products/natural_variant1.jpg","74","2000","0"
"294","148","2L × 12本（2ケース）","3052","/images/products/natural_variant2.webp","18","2000","1"
"295","149","550ml × 24本ケース","3980","/images/products/natural_variant1.jpg","104","550","0"
"296","149","550ml × 48本（2ケース）","7363","/images/products/natural_variant2.webp","79","550","1"
"297","150","550ml × 24本ケース","3980","/images/products/natural_variant1.jpg","35","550","0"
"298","150","550ml × 48本（2ケース）","7363","/images/products/natural_variant2.webp","36","550","1"
"299","151","550ml × 24本ケース","3980","/images/products/natural_variant1.jpg","169","550","0"
"300","151","550ml × 48本（2ケース）","7363","/images/products/natural_variant2.webp","12","550","1"
"301","152","2L × 6本ケース","1980","/images/products/natural_variant1.jpg","142","2000","0"
"302","152","2L × 12本（2ケース）","3663","/images/products/natural_variant2.webp","10","2000","1"
"303","153","550ml × 24本ケース","3600","/images/products/onsen_variant1.webp","119","550","0"
"304","153","550ml × 48本（2ケース）","6660","/images/products/onsen_variant2.webp","63","550","1"
"305","154","2L × 6本ケース","1650","/images/products/alkaline_variant1.jpg","144","2000","0"
"306","154","2L × 12本（2ケース）","3052","/images/products/alkaline_variant2.jpg","38","2000","1"
"307","155","550ml × 24本ケース","3980","/images/products/alkaline_variant1.jpg","144","550","0"
"308","155","550ml × 48本（2ケース）","7363","/images/products/alkaline_variant2.jpg","13","550","1"
"309","156","550ml × 24本ケース","3600","/images/products/onsen_variant1.webp","123","550","0"
"310","156","550ml × 48本（2ケース）","6660","/images/products/onsen_variant2.webp","31","550","1"
"311","157","550ml × 24本ケース","3300","/images/products/natural_variant1.jpg","179","550","0"
"312","157","550ml × 48本（2ケース）","6105","/images/products/natural_variant2.webp","78","550","1"
"313","158","500ml × 24本ケース","3800","/images/products/natural_variant1.jpg","171","500","0"
"314","158","500ml × 48本（2ケース）","7030","/images/products/natural_variant2.webp","82","500","1"
"315","159","2L × 6本ケース","1480","/images/products/natural_variant1.jpg","41","2000","0"
"316","159","2L × 12本（2ケース）","2738","/images/products/natural_variant2.webp","92","2000","1"
"317","160","550ml × 24本ケース","3300","/images/products/natural_variant1.jpg","138","550","0"
"318","160","550ml × 48本（2ケース）","6105","/images/products/natural_variant2.webp","33","550","1"
"319","161","500ml × 24本ケース","3480","/images/products/natural_variant1.jpg","117","500","0"
"320","161","500ml × 48本（2ケース）","6438","/images/products/natural_variant2.webp","51","500","1"
"321","162","500ml × 24本ケース","3800","/images/products/deepsea_variant1.jpg","103","500","0"
"322","162","500ml × 48本（2ケース）","7030","/images/products/deepsea_variant2.jpg","53","500","1"
"323","163","550ml × 24本ケース","3600","/images/products/natural_variant1.jpg","127","550","0"
"324","163","550ml × 48本（2ケース）","6660","/images/products/natural_variant2.webp","42","550","1"
"325","164","500ml × 24本ケース","3800","/images/products/natural_variant1.jpg","24","500","0"
"326","164","500ml × 48本（2ケース）","7030","/images/products/natural_variant2.webp","79","500","1"
"327","165","500ml × 24本ケース","3480","/images/products/onsen_variant1.webp","77","500","0"
"328","165","500ml × 48本（2ケース）","6438","/images/products/onsen_variant2.webp","93","500","1"
"329","166","500ml × 24本ケース","2800","/images/products/natural_variant1.jpg","27","500","0"
"330","166","500ml × 48本（2ケース）","5180","/images/products/natural_variant2.webp","41","500","1"
"331","167","500ml × 24本ケース","2800","/images/products/cider_variant1.jpg","179","500","0"
"332","167","500ml × 48本（2ケース）","5180","/images/products/cider_variant2.jpg","29","500","1"
"333","168","500ml × 24本ケース","3200","/images/products/natural_variant1.jpg","141","500","0"
"334","168","500ml × 48本（2ケース）","5920","/images/products/natural_variant2.webp","95","500","1"
"335","169","500ml × 24本ケース","3200","/images/products/onsen_variant1.webp","139","500","0"
"336","169","500ml × 48本（2ケース）","5920","/images/products/onsen_variant2.webp","42","500","1"
"337","170","550ml × 24本ケース","3300","/images/products/deepsea_variant1.jpg","175","550","0"
"338","170","550ml × 48本（2ケース）","6105","/images/products/deepsea_variant2.jpg","87","550","1"
"339","171","2L × 6本ケース","1480","/images/products/natural_variant1.jpg","61","2000","0"
"340","171","2L × 12本（2ケース）","2738","/images/products/natural_variant2.webp","49","2000","1"
"341","172","500ml × 24本ケース","2800","/images/products/natural_variant1.jpg","99","500","0"
"342","172","500ml × 48本（2ケース）","5180","/images/products/natural_variant2.webp","83","500","1"
"343","173","2L × 6本ケース","1980","/images/products/natural_variant1.jpg","121","2000","0"
"344","173","2L × 12本（2ケース）","3663","/images/products/natural_variant2.webp","35","2000","1"
"345","174","500ml × 24本ケース","3200","/images/products/natural_variant1.jpg","46","500","0"
"346","174","500ml × 48本（2ケース）","5920","/images/products/natural_variant2.webp","48","500","1"
"347","175","2L × 6本ケース","1480","/images/products/natural_variant1.jpg","164","2000","0"
"348","175","2L × 12本（2ケース）","2738","/images/products/natural_variant2.webp","15","2000","1"
"349","176","330ml × 24本ケース","3100","/images/products/cider_variant1.jpg","114","330","0"
"350","176","330ml × 48本（2ケース）","5735","/images/products/cider_variant2.jpg","18","330","1"
"351","177","2L × 6本ケース","1800","/images/products/natural_variant1.jpg","23","2000","0"
"352","177","2L × 12本（2ケース）","3330","/images/products/natural_variant2.webp","63","2000","1"
"353","178","550ml × 24本ケース","2980","/images/products/natural_variant1.jpg","130","550","0"
"354","178","550ml × 48本（2ケース）","5513","/images/products/natural_variant2.webp","56","550","1"
"355","179","2L × 6本ケース","1980","/images/products/alkaline_variant1.jpg","59","2000","0"
"356","179","2L × 12本（2ケース）","3663","/images/products/alkaline_variant2.jpg","65","2000","1"
"357","180","500ml × 24本ケース","3480","/images/products/natural_variant1.jpg","177","500","0"
"358","180","500ml × 48本（2ケース）","6438","/images/products/natural_variant2.webp","78","500","1"
"359","181","550ml × 24本ケース","3980","/images/products/natural_variant1.jpg","131","550","0"
"360","181","550ml × 48本（2ケース）","7363","/images/products/natural_variant2.webp","85","550","1"
"361","182","550ml × 24本ケース","3600","/images/products/natural_variant1.jpg","82","550","0"
"362","182","550ml × 48本（2ケース）","6660","/images/products/natural_variant2.webp","21","550","1"
"363","183","550ml × 24本ケース","3980","/images/products/natural_variant1.jpg","82","550","0"
"364","183","550ml × 48本（2ケース）","7363","/images/products/natural_variant2.webp","69","550","1"
"365","184","330ml × 24本ケース","2800","/images/products/cider_variant1.jpg","27","330","0"
"366","184","330ml × 48本（2ケース）","5180","/images/products/cider_variant2.jpg","73","330","1"
"367","185","550ml × 24本ケース","3300","/images/products/natural_variant1.jpg","144","550","0"
"368","185","550ml × 48本（2ケース）","6105","/images/products/natural_variant2.webp","37","550","1"
"369","186","550ml × 24本ケース","3600","/images/products/natural_variant1.jpg","107","550","0"
"370","186","550ml × 48本（2ケース）","6660","/images/products/natural_variant2.webp","45","550","1"
"371","187","2L × 6本ケース","1800","/images/products/alkaline_variant1.jpg","162","2000","0"
"372","187","2L × 12本（2ケース）","3330","/images/products/alkaline_variant2.jpg","11","2000","1"
"373","188","2L × 6本ケース","1650","/images/products/natural_variant1.jpg","41","2000","0"
"374","188","2L × 12本（2ケース）","3052","/images/products/natural_variant2.webp","40","2000","1"
"375","189","2L × 6本ケース","1980","/images/products/natural_variant1.jpg","145","2000","0"
"376","189","2L × 12本（2ケース）","3663","/images/products/natural_variant2.webp","81","2000","1"
"377","190","500ml × 24本ケース","3800","/images/products/natural_variant1.jpg","145","500","0"
"378","190","500ml × 48本（2ケース）","7030","/images/products/natural_variant2.webp","67","500","1"
"379","191","500ml × 24本ケース","2800","/images/products/natural_variant1.jpg","95","500","0"
"380","191","500ml × 48本（2ケース）","5180","/images/products/natural_variant2.webp","38","500","1"
"381","192","550ml × 24本ケース","3300","/images/products/natural_variant1.jpg","98","550","0"
"382","192","550ml × 48本（2ケース）","6105","/images/products/natural_variant2.webp","94","550","1"
"383","193","2L × 6本ケース","1800","/images/products/natural_variant1.jpg","141","2000","0"
"384","193","2L × 12本（2ケース）","3330","/images/products/natural_variant2.webp","80","2000","1"
"385","194","2L × 6本ケース","1800","/images/products/natural_variant1.jpg","128","2000","0"
"386","194","2L × 12本（2ケース）","3330","/images/products/natural_variant2.webp","80","2000","1"
"387","195","550ml × 24本ケース","3600","/images/products/natural_variant1.jpg","136","550","0"
"388","195","550ml × 48本（2ケース）","6660","/images/products/natural_variant2.webp","44","550","1"
"389","196","550ml × 24本ケース","3600","/images/products/natural_variant1.jpg","79","550","0"
"390","196","550ml × 48本（2ケース）","6660","/images/products/natural_variant2.webp","25","550","1"
"391","197","2L × 6本ケース","1650","/images/products/natural_variant1.jpg","100","2000","0"
"392","197","2L × 12本（2ケース）","3052","/images/products/natural_variant2.webp","25","2000","1"
"393","198","2L × 6本ケース","1650","/images/products/natural_variant1.jpg","69","2000","0"
"394","198","2L × 12本（2ケース）","3052","/images/products/natural_variant2.webp","37","2000","1"
"395","199","2L × 6本ケース","1980","/images/products/natural_variant1.jpg","90","2000","0"
"396","199","2L × 12本（2ケース）","3663","/images/products/natural_variant2.webp","85","2000","1"
"397","200","2L × 6本ケース","1800","/images/products/onsen_variant1.webp","45","2000","0"
"398","200","2L × 12本（2ケース）","3330","/images/products/onsen_variant2.webp","34","2000","1"
"399","201","550ml × 24本ケース","3300","/images/products/alkaline_variant1.jpg","112","550","0"
"400","201","550ml × 48本（2ケース）","6105","/images/products/alkaline_variant2.jpg","32","550","1"
"401","202","550ml × 24本ケース","2980","/images/products/alkaline_variant1.jpg","156","550","0"
"402","202","550ml × 48本（2ケース）","5513","/images/products/alkaline_variant2.jpg","26","550","1"
"403","203","550ml × 24本ケース","2980","/images/products/onsen_variant1.webp","33","550","0"
"404","203","550ml × 48本（2ケース）","5513","/images/products/onsen_variant2.webp","80","550","1"
